<?xml version="1.0" encoding="UTF-8"?>
<root>
  <item name="com.nhaarman.listviewanimations.itemmanipulation.dragdrop.GripView void setColor(int) 0">
    <annotation name="android.support.annotation.ColorRes" />
  </item>
  <item name="com.nhaarman.listviewanimations.itemmanipulation.dragdrop.TouchViewDraggableManager TouchViewDraggableManager(int) 0">
    <annotation name="android.support.annotation.IdRes" />
  </item>
  <item name="com.nhaarman.listviewanimations.itemmanipulation.dragdrop.TouchViewDraggableManager mTouchViewResId">
    <annotation name="android.support.annotation.IdRes" />
  </item>
</root>

